Model,MAE,RMSE,MAPE (%),Forecast Month 1,Forecast Month 2,Forecast Month 3
SARIMA,16825.167673037573,19208.460045957356,17.693980511357132,65162.35983730509,48808.25709671134,66799.31991452625
Prophet,20296.00741075292,22487.465695560026,21.892588782375743,38237.12645779903,28583.793310998546,75687.03586956902
XGBoost,24703.249739583334,26034.335296598543,26.416191090647633,43286.8203125,29576.619140625,45624.015625
